Plot,treeID,Species,DBH_cm,Bark_cm,Sap_cm,Saparea_cm2,Site
1,A01,Abies balsamea,5,0.1,1.8,16.9646003293849,STE
1,A02,Acer saccharum,9.2,0.3,6,49.0088453960008,STE
1,A03,Abies balsamea,7,0.2,3,33.9292006587698,STE
1,A04,Abies balsamea,10.2,0.2,2.6,58.8106144752009,STE
1,A05,Abies balsamea,9.5,0.3,3.5,59.3761011528471,STE
1,A06,Abies balsamea,13.3,0.3,2,67.2300827868216,STE
1,A07,Picea glauca,21.3,0.3,1,61.8893752757189,STE
1,A08,Populus tremuloides,23.4,0.9,8.8,353.868996500354,STE
1,A09,Abies balsamea,6,0.1,1,15.079644737231,STE
1,A10,Populus tremuloides,18.6,0.3,4.2,182.086710202064,STE
1,A11,Populus tremuloides,25,0.5,8.5,413.904832110455,STE
1,A12,Populus tremuloides,20.9,0.2,8,314.159265358979,STE
1,A13,Populus tremuloides,18,0.3,6.3,219.691574265534,STE
1,A14,Abies balsamea,28,0.6,12,557.946855277547,STE
1,A15,Abies balsamea,14,0.4,4.4,121.642467546997,STE
1,A16,Abies balsamea,6,0.1,2.1,24.4101749183927,STE
1,A17,Abies balsamea,8.4,0.2,2.4,42.2230052642468,STE
1,A18,Populus tremuloides,27,1,9.2,456.661908125812,STE
1,A19,Populus tremuloides,27,0.3,11,532.185795518111,STE
1,A20,Abies balsamea,12.4,0.3,3,82.9380460547705,STE
1,A21,Picea glauca,24,0.2,10.5,432.126069501276,STE
1,A22,Abies balsamea,19.5,0.3,4.1,190.631842219829,STE
1,A23,Populus tremuloides,22.5,0.5,8.2,342.622094800503,STE
1,A24,Abies balsamea,14.2,0.4,8.2,133.957510749069,STE
1,A25,Populus tremuloides,16.3,0.4,6.8,185.856621386372,STE
1,A26,Populus tremuloides,26.6,0.4,11.5,516.634911882841,STE
1,A27,Abies balsamea,18,0.3,8,236.247767549952,STE
1,A28,Abies balsamea,16.7,0.3,7.5,202.632726156542,STE
1,A29,Acer saccharum,16.3,0.2,6,186.610603623234,STE
1,A30,Abies balsamea,14.6,0.1,6,158.336269740926,STE
1,A31,Picea glauca,9.4,0.2,1.5,35.3429173528852,STE
1,A32,Abies balsamea,21.3,0.1,6.3,292.922099020712,STE
1,A33,Picea glauca,14.2,0.1,2.3,84.5402583081013,STE
1,A34,Abies balsamea,6,0.2,1.2,16.5876092109541,STE
1,A35,Populus tremuloides,24.4,0.5,11.4,429.769875011084,STE
1,A36,Abies balsamea,5.3,0.2,1.1,13.1318572920053,STE
1,A37,Abies balsamea,10.5,0.4,3,63.1460123371548,STE
1,A38,Abies balsamea,22.7,0.4,11.5,375.734481369339,STE
1,A39,Populus tremuloides,26.7,0.2,11.6,535.704379290132,STE
1,A40,Abies balsamea,7.2,0.2,0.8,15.079644737231,STE
1,A41,Picea glauca,16.8,0.2,3,126.29202467431,STE
1,A42,Picea glauca,14.8,0.2,5,147.65485471872,STE
1,A43,Abies balsamea,12.2,0.3,4.5,100.373885282194,STE
1,A44,Picea glauca,8.8,0.4,1.4,29.0283161191697,STE
1,A45,Abies balsamea,23.5,0.5,2.3,145.958394685782,STE
1,A47,Abies balsamea,23.8,0.2,2.4,158.336269740926,STE
1,A48,Abies balsamea,11,0.3,2,52.7787565803085,STE
1,A49,Abies balsamea,13.4,0.1,6,135.716802635079,STE
1,A50,Populus tremuloides,14.7,0.4,3.8,120.574326044776,STE
1,A51,Abies balsamea,13,0.2,6.1,124.564148714835,STE
1,A52,Abies balsamea,11.2,0.3,4.6,86.7079572390783,STE
1,A53,Abies balsamea,21,0.2,6.5,287.926966701505,STE
1,A54,Abies balsamea,7.8,0.2,2.1,34.9659262344544,STE
1,A55,Abies balsamea,15,0.3,3.9,128.648219164502,STE
2,AA01,Thuja occidentalis,30.8,0.4,3.5,291.382718620453,STE
2,AA02,Fraxinus nigra,9.5,0.1,1,26.0752190247953,STE
2,AA03,Fraxinus nigra,22.6,0.5,11,366.30970340857,STE
2,AA04,Fraxinus nigra,25.5,0.2,11.5,491.345091021444,STE
2,AA05,Fraxinus nigra,10.7,0.3,5.5,79.4822941358218,STE
2,AA06,Fraxinus nigra,16.5,0.2,6.5,196.035381584003,STE
2,AA07,Fraxinus nigra,22,0.7,8,316.672539481851,STE
2,AA08,Fraxinus nigra,19,0.7,8.5,243.002191755171,STE
2,AA10,Fraxinus nigra,27.5,0.7,14,532.185795518111,STE
2,AA11,Fraxinus nigra,23.3,0.5,10,386.415896391545,STE
2,AA12,Fraxinus nigra,24.6,0.1,10,452.38934211693,STE
2,AA13,Fraxinus nigra,18,0.7,8,216.141574566978,STE
2,AA14,Fraxinus nigra,23,0.4,11.5,386.572976024224,STE
2,AA16,Fraxinus nigra,12.8,0.1,3.5,100.059726016835,STE
3,AAA01,Fraxinus nigra,28.7,0.5,14,602.557470958522,STE
3,AAA02,Fraxinus nigra,26.1,0.4,9.5,471.553057303828,STE
3,AAA03,Fraxinus nigra,26.1,0.4,8.4,445.980493103607,STE
3,AAA06,Fraxinus nigra,23.2,0.3,10.7,400.018992581588,STE
3,AAA07,Fraxinus nigra,16.9,0.2,3.2,133.706183336782,STE
3,AAA08,Fraxinus nigra,6.8,0.1,2.5,32.2013246992954,STE
3,AAA09,Abies balsamea,5.8,0.3,3,20.7345115136926,STE
4,B01,Acer saccharum,23.5,2,2,109.955742875643,STE
4,B02,Acer saccharum,14,1,2.1,65.3137112681318,STE
4,B03,Abies balsamea,8.8,0.1,4.3,58.0880481648753,STE
4,B04,Acer saccharum,21.5,0.5,6.1,275.957498691327,STE
4,B05,Abies balsamea,6.4,0.2,0.5,8.63937979737193,STE
4,B06,Acer saccharum,31.2,1.1,3.5,280.387144332889,STE
4,B08,Acer saccharum,17,1,3.6,128.930962503325,STE
4,B09,Abies balsamea,7.3,0.2,2,30.78760800518,STE
4,B10,Fagus grandifolia,6.7,0.1,1.5,23.5619449019235,STE
4,B11,Abies balsamea,8.2,0.3,2.1,36.2853951489621,STE
4,B12,Abies balsamea,26,0.6,7.3,401.338461496096,STE
4,B13,Abies balsamea,25.6,0.5,9,441.079608564007,STE
4,B14,Acer rubrum,5.8,0.3,1,13.1946891450771,STE
4,B15,Populus tremuloides,25,0.4,4,253.840686410055,STE
4,B16,Populus tremuloides,27,0.5,10.3,508.026948012005,STE
4,B17,Acer saccharum,17.6,0.6,4.4,165.876092109541,STE
4,B18,Acer saccharum,11.9,0.6,1.5,43.3539786195392,STE
4,B19,Abies balsamea,11.5,0.3,4,86.7079572390783,STE
4,B20,Acer saccharum,9.5,0.6,2.2,42.160173411175,STE
4,B21,Acer saccharum,16.5,0.5,5.3,169.834498853064,STE
4,B22,Abies balsamea,9.2,0.3,2,41.4690230273853,STE
4,B23,Abies balsamea,12.3,0.4,3.4,86.5194616798629,STE
4,B24,Abies balsamea,12.1,0.4,0.7,23.3106174896363,STE
4,B25,Acer saccharum,12.7,0.7,2.4,67.104419080678,STE
4,B26,Acer saccharum,14,0.4,2,70.3716754404114,STE
4,B27,Populus tremuloides,22,0.5,4.5,233.263254529042,STE
4,B28,Acer saccharum,7.8,0.2,0.5,10.8384946548848,STE
4,B29,Acer saccharum,13.1,0.5,3,85.7654794430014,STE
4,B30,Acer saccharum,5.2,0.3,0.3,4.05265452313083,STE
4,B31,Acer saccharum,8.6,0.2,3.5,51.6791991515521,STE
4,B32,Populus tremuloides,23,0.6,9,361.911473693544,STE
4,B33,Acer saccharum,10.4,0.4,2.5,55.7632696012188,STE
4,B34,Acer saccharum,8.4,0.4,2,35.1858377202057,STE
4,B35,Abies balsamea,6,0.1,2.4,25.6353960532927,STE
4,B36,Abies balsamea,6.3,0.2,2.8,27.2690242331594,STE
4,B37,Abies balsamea,23,0.4,8.4,364.173420404129,STE
4,B38,Acer saccharum,6.5,0.6,2,20.7345115136926,STE
4,B39,Populus tremuloides,26.2,0.5,10.5,484.904826081585,STE
4,B40,Populus tremuloides,20,0.3,6,252.584049348619,STE
4,B41,Acer saccharum,6.1,0.2,2.4,24.8814138164312,STE
4,B42,Acer saccharum,8,0.3,2.7,39.8668107740545,STE
4,B43,Abies balsamea,8.5,0.4,1.2,24.5044226980004,STE
4,B44,Abies balsamea,7.3,0.2,1.5,25.4469004940773,STE
4,B45,Acer saccharum,12,0.8,2.4,60.318578948924,STE
4,B46,Acer saccharum,13.1,0.6,2.8,80.0477808134679,STE
4,B47,Acer saccharum,19,0.5,5,204.203522483337,STE
5,C01,Betula papyrifera,23,0.6,5,263.893782901543,STE
5,C02,Thuja occidentalis,19,0.3,1.6,84.4460105284936,STE
5,C03,Thuja occidentalis,14.1,0.3,2,72.2566310325652,STE
5,C04,Thuja occidentalis,13.8,0.1,1,39.5840674352314,STE
5,C05,Thuja occidentalis,20.5,0.3,1,59.3761011528471,STE
5,C06,Thuja occidentalis,19,0.4,0.9,48.9145976163931,STE
5,C07,Thuja occidentalis,24.8,0.5,3.5,223.210158037555,STE
5,C08,Thuja occidentalis,30,0.5,1.7,145.801315053102,STE
5,C09,Picea glauca,23.1,0.2,3,185.668125827157,STE
5,C10,Thuja occidentalis,24.9,0.4,1.6,113.097335529233,STE
5,C11,Thuja occidentalis,26.2,0.2,1.5,114.511052223348,STE
5,C12,Thuja occidentalis,11.5,0.3,0.9,28.2743338823081,STE
5,C13,Thuja occidentalis,17.5,0.2,1.2,59.9415878304932,STE
5,C14,Betula papyrifera,11.8,0.5,4.8,90.4778684233861,STE
5,C15,Betula papyrifera,17.2,0.6,6,188.495559215388,STE
5,C16,Thuja occidentalis,21.2,0.3,1.6,95.5044166691297,STE
5,C17,Picea glauca,24,0.4,2.5,162.577419823272,STE
5,C18,Thuja occidentalis,24.5,0.4,1.8,123.84158240451,STE
5,C19,Thuja occidentalis,34.7,0.4,2.2,219.094671661352,STE
X,C02,Picea glauca,24.1,0.5,2.1,138.54423602331,STE
X,C03,Picea glauca,24.1,0.7,5.2,285.884931476671,STE
X,C04,Picea glauca,21.6,0.5,2.6,147.026536188002,STE
X,C05,Picea glauca,20.2,0.4,1.8,99.5256552657247,STE
X,C06,Picea glauca,20.5,0.4,2.4,130.438926977048,STE
X,C07,Picea glauca,24.6,0.5,4.7,279.067675418381,STE
X,C08,Picea glauca,23.4,0.6,3.8,219.660158338998,STE
X,C09,Picea glauca,25.6,0.3,0.9,68.1411446563626,STE
X,C10,Picea glauca,30.2,0.6,3.1,252.238474156724,STE
X,C11,Picea glauca,21.7,0.4,3.8,204.140690630265,STE
X,C12,Picea glauca,21.2,0.4,2,115.610609652104,STE
1,A01,Acer saccharum,10,0.4,1.7,40.0553063332699,SBL
1,A02,Betula papyrifera,30.3,0.4,6.9,489.899958400792,SBL
1,A03,Betula papyrifera,31.2,0.3,8.2,577.047738611373,SBL
1,A04,Acer rubrum,15.5,0.3,3.3,120.260166779417,SBL
1,A05,Abies balsamea,11.2,0.3,5,87.9645943005142,SBL
1,A06,Acer saccharum,9.9,0.2,1.8,43.5424741787545,SBL
1,A07,Acer saccharum,8.3,0.4,3,42.4115008234622,SBL
1,A08,Acer saccharum,20.8,0.3,6.5,279.758825802171,SBL
1,A09,Abies balsamea,7.4,0.3,2,30.159289474462,SBL
1,A10,Acer rubrum,24.6,0.3,7,373.849525777185,SBL
1,A11,Betula papyrifera,25.4,0.6,10.8,454.651288827515,SBL
1,A12,Betula papyrifera,15,0.3,2.5,93.4623814442964,SBL
1,A13,Betula papyrifera,30.3,0.3,14.4,692.155693438903,SBL
1,A14,Betula papyrifera,17.4,0.2,5.6,200.559275005172,SBL
1,A15,Abies balsamea,6.3,0.1,2.5,28.2743338823081,SBL
1,A16,Acer saccharum,9,0.1,3.1,55.5119421889317,SBL
1,A17,Abies balsamea,9.1,0.2,3.3,55.9831810869701,SBL
1,A18,Acer saccharum,10.3,0.2,4.3,75.6495510984422,SBL
1,A19,Abies balsamea,5.8,0.2,2.2,22.1168122812721,SBL
1,A20,Abies balsamea,22.2,0.1,7.5,341.64820107789,SBL
1,A21,Acer saccharum,16.1,0.3,4.3,151.299102196884,SBL
1,A22,Acer rubrum,29,0.2,5,370.707933123596,SBL
1,A23,Acer rubrum,25.7,0.2,4.9,314.033601652836,SBL
1,A24,Abies balsamea,12.7,0.3,5.5,114.039813325309,SBL
1,A25,Acer rubrum,20.9,0.3,3.3,176.243347866387,SBL
1,A26,Abies balsamea,5.5,0.2,2.4,20.3575203952619,SBL
1,A27,Acer saccharum,6.7,0.3,2.4,27.8973427638774,SBL
1,A28,Betula papyrifera,36.4,0.3,10.1,815.463205092303,SBL
1,A29,Betula papyrifera,38.7,1.4,12.1,904.715852380789,SBL
1,A30,Abies balsamea,15.7,0.3,6.5,175.615029335669,SBL
1,A31,Acer rubrum,20.3,0.3,4.4,211.492017439665,SBL
1,A32,Acer rubrum,23,0.8,4,218.65484868985,SBL
1,A33,Abies balsamea,14.3,0.4,5,133.517687777566,SBL
1,A34,Betula alleghaniensis,34.3,0.3,9.6,726.838876334534,SBL
1,A35,Acer rubrum,10.5,0.2,1.2,33.552209540339,SBL
1,A36,Acer rubrum,5.6,0.4,1.8,16.9646003293849,SBL
1,A37,Abies balsamea,11.2,0.4,4.7,84.1632671896705,SBL
1,A38,Acer saccharum,19.5,1,3.9,166.630074346403,SBL
1,A39,Acer rubrum,21.5,0.4,1.5,90.477868423386,SBL
1,A40,Acer saccharum,24.5,0.4,5.3,306.368115578077,SBL
1,A41,Acer saccharum,13.4,0.6,4,103.044239037745,SBL
1,A42,Acer rubrum,6.5,0.3,1.8,23.1849537834927,SBL
1,A43,Fagus grandifolia,8.2,0.2,2.5,41.6261026600648,SBL
1,A44,Acer saccharum,9.6,0.2,1.5,36.2853951489621,SBL
1,A45,Abies balsamea,8.8,0.2,2.5,46.3384916404494,SBL
1,A46,Abies balsamea,7.7,0.2,2.7,39.0185807575852,SBL
1,A47,Acer saccharum,14.7,0.3,4.1,128.805298797182,SBL
1,A48,Acer rubrum,14.8,0.3,2.1,79.8278693277167,SBL
1,A49,Abies balsamea,5.7,0.2,1,13.5088484104361,SBL
1,A50,Betula papyrifera,39.7,0.6,11.2,960.573369761615,SBL
1,A51,Betula papyrifera,37.5,1,14.8,962.458325353769,SBL
1,A52,Betula papyrifera,44.5,1.2,15.4,1291.76006730305,SBL
1,A53,Acer saccharum,17.6,0.6,5,179.070781254618,SBL
2,A01,Acer rubrum,10,0.1,2.5,57.3340659280137,SBL
2,A04,Acer saccharum,6,0.1,2,23.8761041672824,SBL
2,A05,Fagus grandifolia,5,0.1,1.5,15.5508836352695,SBL
2,A06,Acer saccharum,17.3,1.4,4.5,141.371669411541,SBL
2,A07,Abies balsamea,6.4,0.1,0.8,13.5716802635079,SBL
2,A08,Acer saccharum,7.5,0.4,3.5,35.1858377202057,SBL
2,A09,Acer saccharum,21,0.4,4,203.575203952619,SBL
2,A10,Acer saccharum,12.8,0.8,4.5,94.7190185057323,SBL
2,B03,Acer saccharum,28.2,0.8,4.7,323.364131833997,SBL
2,B04,Acer saccharum,12.6,0.3,3.6,95.0017618445553,SBL
2,B05,Acer saccharum,9.3,0.1,3.5,61.57521601036,SBL
2,B06,Acer saccharum,12,0.4,2.9,75.6181351719063,SBL
2,B07,Acer saccharum,5.9,0.1,2.2,24.1902634326414,SBL
2,B18,Acer saccharum,14.2,0.2,4,123.15043202072,SBL
2,B19,Acer saccharum,5.2,0.2,1.8,16.9646003293849,SBL
2,B20,Acer saccharum,12.8,0.3,4.5,108.856185446886,SBL
2,B21,Fagus grandifolia,8.3,0.2,2.3,40.4637133782365,SBL
2,B22,Acer saccharum,8.5,0.1,2.6,46.5584031262007,SBL
2,B23,Acer saccharum,8.1,0.6,2.9,36.4424747816416,SBL
2,B24,Acer saccharum,19.8,1,4,173.415914478157,SBL
2,B26,Acer saccharum,12,0.4,4.2,92.3628240155399,SBL
2,B27,Acer saccharum,11,0.6,2,49.0088453960008,SBL
2,B28,Acer saccharum,13.2,0.5,4.5,108.856185446886,SBL
2,B29,Acer saccharum,21,0.5,6,263.893782901543,SBL
2,B31,Acer saccharum,7.9,0.3,3.3,41.4690230273853,SBL
2,B32,Acer saccharum,9.5,0.4,3.3,55.9831810869701,SBL
2,B33,Acer saccharum,12.3,0.3,3.5,90.1637091580271,SBL
2,B34,Acer saccharum,19.4,0.8,5.5,212.528743015349,SBL
2,B35,Betula alleghaniensis,28.5,0.6,6.7,433.602618048463,SBL
2,B37,Betula alleghaniensis,19.8,0.6,5,213.628300444106,SBL
2,B38,Acer saccharum,12,0.4,3.9,89.4411428477014,SBL
2,B40,Acer saccharum,18,0.4,6,211.115026321234,SBL
2,B41,Acer saccharum,9.6,0.4,3.4,57.6796411199086,SBL
2,B42,Acer saccharum,5.9,0.3,2.5,21.9911485751286,SBL
2,B43,Acer saccharum,5.5,0.4,1.1,12.4407069082156,SBL
2,B45,Acer saccharum,18.5,0.3,5.2,207.47077884307,SBL
2,B48,Acer saccharum,13,0.4,3.6,97.26370855514,SBL
2,B49,Acer saccharum,5,0.2,2.2,16.5876092109541,SBL
2,B51,Acer saccharum,11,0.2,2,54.0353936417444,SBL
2,B52,Acer saccharum,6.2,0.4,3.5,20.8915911463721,SBL
3,A01,Betula alleghaniensis,5.6,0.2,1.1,14.16858286769,SBL
3,A02,Quercus rubra,5.9,0.5,0.9,11.3097335529233,SBL
3,A03,Quercus rubra,26.7,3.3,0.8,48.5061905714264,SBL
3,A04,Quercus rubra,37.6,0.6,5.4,525.902610210931,SBL
3,A05,Quercus rubra,32,0.5,10,659.734457253857,SBL
3,A06,Quercus rubra,5.5,0.7,0.3,3.58141562509237,SBL
3,A07,Quercus rubra,29.9,0.6,5.6,406.396425668376,SBL
3,A08,Quercus rubra,32.7,0.6,9.2,644.529148810482,SBL
3,A09,Fagus grandifolia,6,0.2,1.4,18.472564803108,SBL
3,A10,Quercus rubra,35,0.5,2.5,247.400421470196,SBL
3,A11,Quercus rubra,38.7,0.6,2.2,243.976085477783,SBL
3,A12,Quercus rubra,26.5,0.6,1.5,112.154857733156,SBL
3,A13,Quercus rubra,20.2,0.5,1.7,93.4623814442964,SBL
3,A14,Quercus rubra,22,0.7,1.2,73.1362769755704,SBL
3,A15,Quercus rubra,38.1,0.7,3.4,355.691120239436,SBL
3,A16,Quercus rubra,33.1,0.8,5.5,449.24774946334,SBL
3,A17,Quercus rubra,22,0.5,1,62.8318530717959,SBL
3,A18,Acer rubrum,8.6,0.4,1.5,29.6880505764235,SBL
3,A19,Acer rubrum,6,0.4,1.1,14.16858286769,SBL
3,A20,Quercus rubra,32.2,0.4,6,478.778720407085,SBL
3,B01,Quercus rubra,43.1,1,6.2,679.777818383759,SBL
3,B02,Quercus rubra,23.9,0.5,7,349.659262344544,SBL
3,B03,Quercus rubra,44.9,0.6,7.6,861.927360438896,SBL
3,B04,Quercus rubra,49,0.7,9.7,1154.94370723922,SBL
3,B05,Quercus rubra,21.4,0.6,4.9,235.525201239627,SBL
3,B06,Quercus rubra,21.9,0.5,6.7,298.891125062533,SBL
3,B07,Quercus rubra,34.5,0.6,9.2,696.553923153929,SBL
3,B08,Quercus rubra,31.3,0.4,10,644.026493985908,SBL
3,B09,Acer rubrum,6.2,0.2,1.5,20.2632726156542,SBL
3,B11,Acer rubrum,7.9,0.4,1.2,22.2424759874157,SBL
3,B12,Quercus rubra,8.2,0.2,1.5,29.6880505764235,SBL
3,B13,Acer rubrum,6.8,0.2,1.9,26.8606171881927,SBL
3,B14,Acer rubrum,6.6,0.3,1.5,21.2057504117311,SBL
3,B16,Acer saccharum,8.1,0.6,2.1,31.6672539481851,SBL
3,B17,Acer rubrum,10.7,0.4,1,27.9601746169492,SBL
3,B18,Acer rubrum,9.6,0.5,0.7,17.3730073743516,SBL
3,B19,Fagus grandifolia,24.3,0.3,5.7,322.327406258313,SBL
3,B20,Acer rubrum,11.8,0.8,2,51.5221195188726,SBL
3,B21,Quercus rubra,23,0.7,3,175.30087007031,SBL
3,C01,Quercus rubra,28.9,1,8,475.008809222777,SBL
3,C02,Quercus rubra,26,1,4.5,275.674755352504,SBL
3,C03,Quercus rubra,28.2,0.5,4.6,326.599972267195,SBL
3,C04,Quercus rubra,37.6,1.5,16.2,936.445938182046,SBL
3,C05,Quercus rubra,35.2,1.4,14.5,815.400373239231,SBL
3,C06,Acer rubrum,8.6,0.3,1.3,27.3632720127671,SBL
3,C07,Quercus rubra,24.4,0.4,3,194.150425991849,SBL
3,C08,Quercus rubra,26,1.6,8.3,378.090675859532,SBL
3,C09,Acer rubrum,6.2,0.2,1,15.079644737231,SBL
3,C10,Quercus rubra,9.7,0.6,3.5,54.9778714378214,SBL
3,C11,Quercus rubra,35.7,0.5,8.7,710.628258242011,SBL
3,C12,Quercus rubra,34.7,0.8,8.2,641.450388009964,SBL
3,C13,Quercus rubra,32.2,0.9,5.7,442.304829698907,SBL
3,C16,Acer rubrum,10.4,0.3,1.9,47.1553057303828,SBL
3,C19,Acer saccharum,6.4,0.3,2,23.8761041672824,SBL
3,C20,Acer saccharum,5.7,0.4,2.2,18.6610603623234,SBL
X,A01,Betula alleghaniensis,18.4,0.6,6.3,215.733167522011,SBL
X,A02,Betula alleghaniensis,12,0.2,4.4,99.5256552657247,SBL
X,A03,Betula alleghaniensis,7.9,0.2,2.6,40.023890406734,SBL
X,A04,Betula alleghaniensis,15.5,0.3,6.2,169.457507734633,SBL
X,A05,Betula alleghaniensis,18.3,0.3,6.4,227.199980707614,SBL
X,A06,Betula alleghaniensis,14.7,0.3,3.3,111.96636217394,SBL
X,A07,Betula alleghaniensis,18.3,0.2,4,174.672551539593,SBL
X,A08,Betula alleghaniensis,16.2,0.3,5.4,173.038923359726,SBL
X,A09,Betula alleghaniensis,41.9,1.2,7,714.712328691678,SBL
X,A10,Betula alleghaniensis,14.4,0.4,7,145.141580595848,SBL
X,A11,Betula alleghaniensis,30,0.8,9.9,575.382694504971,SBL
X,A12,Betula alleghaniensis,16,0.6,6.3,168.232286599733,SBL
X,B01,Fagus grandifolia,20.7,0.3,6.3,273.130065303097,SBL
X,B02,Fagus grandifolia,9.2,0.1,2.2,46.9982260977033,SBL
X,B03,Fagus grandifolia,24.7,0.3,6.6,362.853951489621,SBL
X,B04,Fagus grandifolia,14.9,0.2,4.5,141.371669411541,SBL
X,B05,Fagus grandifolia,6.4,0.2,1.7,22.9650422977414,SBL
X,B06,Fagus grandifolia,7.7,0.2,1.6,28.6513250007389,SBL
X,B07,Fagus grandifolia,17,0.2,5.5,191.794231501657,SBL
X,B08,Fagus grandifolia,19,0.2,2.5,126.449104306989,SBL
X,B09,Fagus grandifolia,11.6,0.3,3.6,83.6920282916321,SBL
X,B10,Fagus grandifolia,14,0.1,3.1,104.206628319573,SBL
A,3884,Abies balsamea,4.5,0.1,1.5,13.1946891450771,NBR
A,3814,Abies balsamea,5.5,0.1,0.5,7.53982236861551,NBR
A,160,Abies balsamea,5.7,0.1,2.6,23.687608608067,NBR
A,3882,Abies balsamea,5.8,0.2,2,21.3628300444106,NBR
A,184,Abies balsamea,6.3,0.1,2,25.7610597594363,NBR
A,250,Abies balsamea,6.6,0.1,1.1,18.3154851704285,NBR
A,241,Abies balsamea,7.8,0.2,3.5,42.8827397215007,NBR
A,92,Abies balsamea,8.3,0.25,2.6,42.474332676534,NBR
A,156,Abies balsamea,8.4,0.2,2.7,44.9561908728699,NBR
A,201,Abies balsamea,9.1,0.2,1,24.1902634326414,NBR
A,3765,Abies balsamea,10.5,0.3,3.5,70.3716754404114,NBR
A,3573,Abies balsamea,11,0.2,2,54.0353936417444,NBR
A,3748,Abies balsamea,11.6,0.5,1,30.159289474462,NBR
A,3772,Abies balsamea,13.3,0.2,4.4,117.495565244258,NBR
A,3773,Abies balsamea,15.8,0.3,5.2,163.362817986669,NBR
C,3810,Abies balsamea,5.7,0.15,1.7,19.7606177910798,NBR
C,3826,Abies balsamea,6.1,0.1,2.7,27.1433605270158,NBR
C,3803,Abies balsamea,6.8,0.1,3.2,34.1805280710569,NBR
C,85,Abies balsamea,7.8,0.2,3.9,42.8827397215007,NBR
C,61,Abies balsamea,8.1,0.2,3.3,45.6159253301238,NBR
C,89,Abies balsamea,8.4,0.1,2.8,47.5008809222777,NBR
C,3809,Abies balsamea,6.1,0.1,2.1,25.0699093756465,NBR
C,86,Abies balsamea,7.6,0.15,2.9,40.0867222598058,NBR
C,93,Abies balsamea,8.5,0.2,4.3,51.3336239596572,NBR
C,59,Abies balsamea,8.9,0.1,3.6,57.6796411199086,NBR
A,236,Acer rubrum,4.9,0.1,1.9,16.7132729170977,NBR
A,3854,Acer rubrum,6.5,0.2,1.8,24.315927138785,NBR
A,153,Acer rubrum,6.5,0.2,3,29.2168116783851,NBR
A,164,Acer rubrum,6.7,0.2,1.1,17.9699099785336,NBR
A,239,Acer rubrum,7.4,0.3,2.4,33.1752184219082,NBR
A,166,Acer rubrum,8,0.2,2.65,41.2098416334641,NBR
A,158,Acer rubrum,8.3,0.1,3.3,49.7628276328623,NBR
A,189,Acer rubrum,8.8,0.1,3,52.7787565803085,NBR
A,170,Acer rubrum,8.8,0.2,3.3,52.8730043599162,NBR
A,174,Acer rubrum,16.6,0.7,8,180.955736846772,NBR
A,172,Picea rubens,6.3,0.2,1.7,22.4309715466311,NBR
A,3869,Picea rubens,7.3,0.2,1.5,25.4469004940773,NBR
A,188,Picea rubens,7.7,0.1,1.8,32.2327406258313,NBR
C,83,Betula alleghaniensis,9.5,0.2,1.4,33.866368805698,NBR
B,4098,Picea rubens,9.1,0.1,3.7,60.4442426550676,NBR
B,3633,Picea rubens,11.2,0.3,5.4,88.2159217128014,NBR
B,3671,Picea rubens,16.5,0.3,6.5,191.951311134336,NBR
B,3783,Picea rubens,16.2,0.3,6.3,184.065913573826,NBR
B,3642,Picea rubens,16.2,0.3,6.9,188.589806994995,NBR
B,3761,Picea rubens,18.6,0.4,8.8,248.814138164312,NBR
B,3741,Picea rubens,19.2,0.5,7.3,249.97652744614,NBR
B,4030,Picea rubens,20.8,0.4,10.6,313.028292003687,NBR
B,3726,Picea rubens,22,0.4,8.7,341.64820107789,NBR
B,3641,Picea rubens,23.5,0.2,9.5,405.893770843801,NBR
B,3625,Picea rubens,27.7,0.5,11.7,551.349510705009,NBR
B,3740,Picea rubens,30.5,0.7,12.5,651.880475619882,NBR
B,4007,Picea rubens,35.8,0.5,13.4,900.883109343409,NBR
B,3745,Picea rubens,36.6,0.5,15.5,978.7631912259,NBR
1,A01,Picea mariana,18.5,0.15,2,112.743906355704,AUN
1,A02,Pinus banksiana,17.5,0.2,1.2,64.5283131047343,AUN
1,A03,Pinus banksiana,16.5,0.3,2,91.0433551010322,AUN
1,A04,Picea mariana,12.3,0.2,1.1,40.338049672093,AUN
1,A05,Picea mariana,15,0.15,1.4,67.6463438134222,AUN
1,A06,Pinus banksiana,16.7,0.2,1,52.5274291680213,AUN
1,A07,Picea mariana,11,0.2,1.1,35.4371651324929,AUN
1,A08,Pinus banksiana,16.5,0.3,1.3,59.6274285651343,AUN
1,A09,Picea mariana,20.3,0.2,1.9,117.432733391186,AUN
1,A10,Picea mariana,14.5,0.1,1.1,49.3858365144315,AUN
1,A11,Pinus banksiana,14.6,0.2,0.8,41.4690230273853,AUN
1,A12,Pinus banksiana,20.5,0.3,2,117.432733391186,AUN
1,A13,Picea mariana,14.3,0.6,1.1,41.4690230273852,AUN
1,A14,Picea mariana,9.5,0.2,0.9,25.4469004940773,AUN
1,A15,Picea mariana,23,0.2,1.7,129.4336173279,AUN
1,A16,Picea mariana,12.1,0.2,0.8,33.6150413934108,AUN
1,A17,Pinus banksiana,21,0.6,1.7,101.787601976309,AUN
1,A18,Picea mariana,11.5,0.15,1,34.9030943813826,AUN
1,A19,Pinus banksiana,20.6,0.2,0.6,60.318578948924,AUN
1,A21,Picea mariana,14.2,0.2,1.4,61.3238885980727,AUN
1,A22,Picea mariana,10,0.2,0.9,27.0176968208722,AUN
1,A23,Picea mariana,13.9,0.2,1.3,49.8256594859341,AUN
1,A24,Picea mariana,16.5,0.1,1.1,61.261056745001,AUN
1,A25,Picea mariana,13.1,0.2,0.6,26.3893782901543,AUN
1,A26,Pinus banksiana,21.8,0.3,1.4,98.5203456165759,AUN
1,A27,Picea mariana,11.5,0.2,0.8,28.8398205599543,AUN
1,A28,Picea mariana,7.2,0.1,0.5,13.854423602331,AUN
1,A29,Pinus banksiana,21.5,0.2,1.8,114.605300002956,AUN
1,A30,Picea mariana,15.6,0.3,1.2,55.9517651604342,AUN
1,A31,Picea mariana,13.5,0.1,1,45.6159253301238,AUN
1,A32,Picea mariana,11.5,0.2,0.9,31.7300858012569,AUN
1,A33,Picea mariana,6.6,0.15,0.6,13.0768794205675,AUN
1,A34,Pinus banksiana,20.6,0.4,2.4,131.19290921391,AUN
1,A35,Picea mariana,7.9,0.1,0.5,13.3831847042925,AUN
1,A36,Picea mariana,15.8,0.2,1.4,73.1676929021063,AUN
1,A37,Picea mariana,5.6,0.2,0.3,4.61814120077699,AUN
1,A38,Picea mariana,17.5,0.3,1.3,72.5707902979242,AUN
1,A39,Picea mariana,16.7,0.3,0.8,47.4380490692058,AUN
1,A40,Picea mariana,13,0.1,0.7,30.159289474462,AUN
1,A41,Picea mariana,13.2,0.1,1.5,60.3499948754599,AUN
1,A42,Picea mariana,12.5,0.2,1.7,60.8840656265702,AUN
1,A43,Picea mariana,15.4,0.1,1,48.7261020571777,AUN
1,A44,Picea mariana,14.5,0.1,1.6,70.6858347057703,AUN
1,A45,Picea mariana,11,0.3,0.9,29.5309709437441,AUN
1,A46,Pinus banksiana,16.5,0.2,2.7,116.992910419684,AUN
1,A47,Picea mariana,16.7,0.3,1,56.1716766461855,AUN
1,A48,Picea mariana,14.3,0.3,1.3,57.4911455606932,AUN
1,A49,Picea mariana,11,0.15,0.9,31.8321875624986,AUN
1,A50,Picea mariana,15.4,0.1,0.6,36.1911473693544,AUN
1,A51,Picea mariana,12.5,0.2,1.5,58.2451277975548,AUN
1,A52,Picea mariana,8,0.15,1.3,28.4706834231575,AUN
1,A53,Picea mariana,17.8,0.1,1.7,93.7137088565836,AUN
1,A54,Picea mariana,8.5,0.1,0.6,16.7132729170977,AUN
1,A55,Picea mariana,15,0.3,0.9,42.0973415581032,AUN
1,A56,Picea mariana,19.5,0.3,1.5,96.6982218774938,AUN
1,A57,Picea mariana,20.7,0.3,1.1,76.7805244537346,AUN
1,A58,Pinus banksiana,15,0.5,1.2,48.2548631591392,AUN
1,A59,Picea mariana,12,0.4,0.8,30.5912584643306,AUN
1,A60,Picea mariana,12.2,0.2,1.7,56.5486677646163,AUN
1,A61,Pinus banksiana,18,0.4,2.1,107.662380238522,AUN
1,A62,Picea mariana,19.4,0.1,1.9,117.495565244258,AUN
1,A63,Picea mariana,14,0.3,0.75,37.1571871103333,AUN
1,A64,Picea mariana,19.3,0.15,2,118.398773132165,AUN
1,A65,Pinus banksiana,18,0.3,1.2,65.7535342396343,AUN
1,A66,Picea mariana,12.3,0.3,0.9,33.6150413934108,AUN
1,A67,Picea mariana,13.5,0.2,0.7,34.4946873364159,AUN
1,A68,Picea mariana,16.2,0.3,2.1,96.1013192733117,AUN
1,A69,Picea mariana,12,0.2,1.6,52.8730043599162,AUN
1,A70,Pinus banksiana,13.3,0.6,1.1,38.0132711084365,AUN
1,A71,Picea mariana,12,0.1,1.3,47.1474517487488,AUN
1,A72,Picea mariana,14,0.15,1.6,65.6985563681965,AUN
1,A73,Picea mariana,8.2,0.1,0.5,16.0535384598438,AUN
1,A74,Pinus banksiana,19.5,0.3,2.4,124.407069082156,AUN
1,A75,Pinus banksiana,24,0.7,2.8,179.479188299585,AUN
1,A76,Picea mariana,10.2,0.3,0.9,29.3738913110646,AUN
1,A77,Picea mariana,13.5,0.1,1.6,65.0309679293087,AUN
1,A78,Populus tremuloides,16,0.2,5.7,182.055294275528,AUN
1,A79,Picea mariana,16.8,0.2,1.9,94.3420273873015,AUN
1,A80,Picea mariana,11,0.3,0.7,24.1274315795696,AUN
1,A81,Picea mariana,12.5,0.2,1.1,44.1079608564007,AUN
1,A82,Picea mariana,15,0.7,4.5,128.648219164502,AUN
1,A83,Picea mariana,17,0.05,2.6,125.797223831369,AUN
1,A84,Picea mariana,8,0.25,1.7,30.9761035643954,AUN
1,A85,Picea mariana,17.1,0.15,2.3,115.987600770535,AUN
1,A86,Picea mariana,13.1,0.2,1.3,46.5584031262007,AUN
1,A87,Picea mariana,9.5,0.15,0.8,23.4676971223157,AUN
1,A88,Pinus banksiana,18.5,0.3,2.1,104.238044246109,AUN
1,A89,Picea mariana,8.4,0.1,1.6,33.1752184219082,AUN
1,A90,Pinus banksiana,13,0.4,2.6,78.4141526336012,AUN
1,A91,Picea mariana,9.5,0.15,1.8,43.5738901052904,AUN
1,A92,Picea mariana,13.3,0.2,1.1,44.1079608564007,AUN
1,A93,Pinus banksiana,21,0.3,2,120.731405677456,AUN
1,A94,Pinus banksiana,18.9,0.8,2.2,104.363707952253,AUN
1,A95,Picea mariana,11,0.15,1.2,38.3902622268673,AUN
1,A96,Picea mariana,10,0.05,0.5,18.8888258297086,AUN
1,A97,Picea mariana,12,0.05,1.1,41.8224522009141,AUN
1,A98,Picea mariana,14.2,0.05,1.7,71.1963435119787,AUN
1,A99,Pinus banksiana,21.5,0.15,2.4,141.748660529971,AUN
1,A100,Pinus banksiana,22,0.2,1.8,111.96636217394,AUN
1,A01,Pinus banksiana,30.3,0.2,4.1,546.008803193906,AME
1,A02,Pinus banksiana,32.5,0.4,3.6,325.468998911903,AME
1,A03,Pinus banksiana,30.5,0.3,5.4,433.351290636176,AME
1,A04,Pinus banksiana,35.9,0.3,2.8,304.420328132851,AME
1,A05,Pinus banksiana,26.4,0.7,2.6,195.281399347142,AME
1,A06,Pinus banksiana,23.8,0.1,1.4,110.584061406361,AME
1,A07,Pinus banksiana,28.2,0.1,3.6,295.278293510905,AME
1,A08,Pinus banksiana,30.6,0.3,2.7,254.469004940773,AME
1,A09,Pinus banksiana,19.6,0.1,2.1,128.176980266464,AME
1,A10,Pinus banksiana,27.9,0.2,5.4,385.284923036252,AME
1,A11,Pinus banksiana,26.5,0.4,3.9,278.219445401912,AME
1,A12,Pinus banksiana,20.8,0.5,1.9,111.840698467797,AME
1,A13,Pinus banksiana,15.3,0.3,1.6,69.4291976443345,AME
1,A14,Pinus banksiana,25.4,0.2,3,213.282725252211,AME
1,A15,Picea mariana,18.1,0.1,2.1,120.951317163207,AME
1,A16,Pinus banksiana,17.1,0.2,2.5,118.752202305694,AME
1,A17,Pinus banksiana,17.1,0.3,4.1,167.258392877121,AME
1,A18,Pinus banksiana,16.7,0.2,3.6,149.225651045515,AME
1,A19,Pinus banksiana,26.5,0.3,2.7,222.047768755727,AME
1,A20,Pinus banksiana,24,0.5,3.6,229.210600005911,AME
1,A21,Pinus banksiana,26.5,0.2,3.7,271.999091947804,AME
1,A22,Pinus banksiana,17.6,0.3,2.7,128.459723605287,AME
1,A23,Pinus banksiana,24.1,0.5,3.2,205.271663985557,AME
1,A24,Pinus banksiana,25.5,0.2,3.7,259.746880598804,AME
1,A25,Picea mariana,23,0.1,2.5,170.494233310318,AME
1,A26,Pinus banksiana,26.7,0.1,3.2,252.898208613978,AME
1,A27,Pinus banksiana,17.9,0.1,1.6,89.9123817457399,AME
1,A28,Picea mariana,12.7,0.3,2.4,73.1362769755704,AME
1,A29,Picea mariana,9.5,0.1,1.2,36.7566340470006,AME
1,A30,Pinus banksiana,25.8,0.4,3.8,263.893782901543,AME
1,A31,Pinus banksiana,25.1,0.2,3.5,244.101749183927,AME
1,A32,Pinus banksiana,27.9,1,3.5,246.30086404144,AME
1,A33,Pinus banksiana,27,0.6,3.7,262.637145840107,AME
1,A34,Picea mariana,7.3,0.2,1.3,24.1902634326414,AME
1,A35,Picea mariana,12.5,0.2,1.6,63.4601716025138,AME
1,A36,Picea mariana,7.6,0.2,1.5,29.3738913110646,AME
1,A37,Picea mariana,13.8,0.1,2.3,89.8495498926681,AME
1,A38,Picea mariana,13.2,0.1,1.1,54.1924732744239,AME
1,A39,Pinus banksiana,21.6,0.3,1.6,103.075654964281,AME
1,A40,Picea mariana,11.9,0.2,1.4,47.1238898038469,AME
1,A41,Pinus banksiana,28.4,0.5,4.1,300.116346197433,AME
1,A42,Pinus banksiana,22.1,0.3,4.3,236.373431256096,AME
1,A43,Abies balsamea,18,0.2,3.6,176.808834544034,AME
1,A44,Pinus banksiana,31.3,0.5,1.5,144.261934652843,AME
1,A45,Picea mariana,13.9,0.1,2.2,85.1999927653552,AME
1,A46,Pinus banksiana,22.7,0.4,2.6,168.012375113982,AME
1,A47,Picea mariana,14.7,0.1,1.4,64.8424723700933,AME
1,A48,Picea mariana,6.8,0.5,0.7,6.78584013175395,AME
1,A49,Picea mariana,6,0.5,0.7,5.78053048260522,AME
1,A50,Picea mariana,6.7,0.2,1,16.6504410640259,AME
1,A51,Picea mariana,8.7,0.1,1.4,33.842806860796,AME
1,A52,Pinus banksiana,31.2,0.5,3.3,286.261922595102,AME
1,A53,Pinus banksiana,22.3,0.2,2.7,173.101755212798,AME
1,A54,Pinus banksiana,17.8,0.1,2.6,133.926094822533,AME
1,A55,Pinus banksiana,21.7,0.1,2.2,144.010607240556,AME
1,A56,Pinus banksiana,23.9,0.2,2.7,187.678745125454,AME
1,A57,Picea mariana,12,0.1,1.3,45.7415890362674,AME
1,A58,Pinus banksiana,24.7,0.1,2.9,208.413256639147,AME
1,A59,Pinus banksiana,27.3,0.2,3.3,257.296438329004,AME
1,A60,Picea mariana,12.1,0.3,1.3,41.6575185866006,AME
1,A61,Pinus banksiana,20.3,0.5,1.8,103.861053127679,AME
1,A62,Picea mariana,16.1,0.5,1,48.3805268652828,AME
1,A63,Pinus banksiana,31.1,0.5,3.5,292.48227604921,AME
1,A64,Pinus banksiana,21.1,0.4,3,171.907950004434,AME
1,A65,Picea mariana,10.9,0.1,1.6,50.3283143105085,AME
1,A66,Pinus banksiana,29.4,0.3,4.1,324.589352968897,AME
1,A67,Pinus banksiana,26,0.3,3.1,229.116352226304,AME
1,A68,Pinus banksiana,15.8,0.2,2.1,87.744682814763,AME
1,A69,Pinus banksiana,26.6,0.3,2.3,177.939807899326,AME
1,A70,Picea mariana,15.9,0.1,2.5,110.269902141002,AME
1,A71,Picea mariana,18.6,0.1,2.2,124.878307980194,AME
1,A72,Picea mariana,11,0.1,1.5,46.2442438608418,AME
1,A73,Pinus banksiana,28,0.3,2.7,216.392901979265,AME
1,A74,Picea mariana,16.2,0.1,2.7,122.522113490002,AME
1,A75,Abies balsamea,5.8,0.1,0.8,12.0637157897848,AME
1,A76,Pinus banksiana,31.7,0.3,2.3,216.392901979265,AME
1,A77,Picea mariana,15.5,0.1,2.5,106.876982075125,AME
1,A01,Abies balsamea,23.5,0.2,2,156.074323030341,SLD
1,A02,Abies balsamea,12.7,0.1,2.4,83.1265416139859,SLD
1,A03,Abies balsamea,15.1,0.1,1.9,91.0433551010322,SLD
1,A04,Abies balsamea,11,0.1,1.9,61.4181363776805,SLD
1,A05,Picea mariana,26.7,0.2,1.6,152.681402964464,SLD
1,A06,Abies balsamea,8.8,0.1,1.3,33.4579617607313,SLD
1,A07,Abies balsamea,15.1,0.2,3.3,130.124767711689,SLD
1,A08,Abies balsamea,23.1,0.1,2.3,165.813260256469,SLD
1,A09,Abies balsamea,13.8,0.05,2.2,86.5901475145687,SLD
1,A10,Abies balsamea,8.2,0.1,2.1,41.1862796885622,SLD
1,A11,Abies balsamea,8.4,0.05,1,27.6852852597601,SLD
1,A12,Abies balsamea,10.3,0.1,0.9,28.5884931476671,SLD
1,A13,Abies balsamea,14.2,0.1,1.3,62.3291982472215,SLD
1,A14,Abies balsamea,20.2,0.05,0.6,57.1534243504323,SLD
1,A15,Abies balsamea,12,0.1,0.7,30.8190239317159,SLD
1,A16,Abies balsamea,16.6,0.05,1.8,96.9259873448791,SLD
1,A17,Abies balsamea,12.1,0.1,1.7,62.2035345410779,SLD
1,A18,Abies balsamea,11.9,0.05,0.9,36.9765455327519,SLD
1,A19,Abies balsamea,19.7,0.1,4.8,236.436263109168,SLD
1,A20,Abies balsamea,17.6,0.1,1.8,96.7610537305656,SLD
1,A21,Abies balsamea,8,0.1,1.4,32.5783158177261,SLD
1,A22,Abies balsamea,17.8,0.4,1.1,59.5645967120625,SLD
1,A23,Abies balsamea,14,0.25,1.1,51.5299735005066,SLD
1,A24,Abies balsamea,17.5,0.4,1.3,62.8946849248676,SLD
1,A25,Abies balsamea,11.1,0.4,0.5,18.2840692438926,SLD
1,A26,Abies balsamea,6.1,0.2,1.3,17.9699099785336,SLD
1,A27,Abies balsamea,16.5,0.4,1.3,54.6637121724624,SLD
1,A28,Abies balsamea,11.1,0.2,1,31.8321875624986,SLD
1,A29,Abies balsamea,5.5,0.1,1.1,14.5141580595848,SLD
1,A30,Abies balsamea,16.3,0.2,1.6,87.3362757697962,SLD
1,A31,Abies balsamea,10.1,0.15,0.8,22.6194671058465,SLD
1,A32,Abies balsamea,5.9,0.05,0.9,15.079644737231,SLD
1,A33,Abies balsamea,7.1,0.1,1.15,20.7737814218625,SLD
1,A34,Abies balsamea,5.9,0.05,1.1,16.7996667150714,SLD
1,A35,Abies balsamea,7.6,0.1,1.3,26.3893782901543,SLD
1,A36,Abies balsamea,16.2,0.4,1.8,84.1946831162064,SLD
1,A37,Picea mariana,30.3,0.3,2.6,273.695551980743,SLD
1,A38,Abies balsamea,16.2,0.1,2.3,109.453088051068,SLD
1,A39,Abies balsamea,15.3,0.1,2.6,108.196450989633,SLD
1,A40,Abies balsamea,8.8,0.05,1,26.2637145840107,SLD
1,A41,Abies balsamea,18.4,0.1,1.9,114.888043341779,SLD
1,A42,Abies balsamea,8.1,0.05,1.3,29.0283161191697,SLD
1,A43,Abies balsamea,7.2,0.05,1.3,25.0699093756466,SLD
1,A44,Abies balsamea,5.6,0.05,1,14.6790916738983,SLD
1,A45,Abies balsamea,15.3,0.05,1.15,62.6355035309465,SLD
1,A46,Abies balsamea,9.6,0.05,1.8,45.3645979178366,SLD
1,A47,Abies balsamea,22.2,0.1,1.8,134.075320473578,SLD
1,A48,Abies balsamea,25.3,0.2,1.2,117.118574125827,SLD
1,A49,Abies balsamea,24.1,0.1,1.2,118.563706746479,SLD
1,A50,Abies balsamea,26,0.2,2.1,187.86724068467,SLD
1,A51,Abies balsamea,13.2,0.1,0.8,41.1234478354904,SLD
1,A52,Abies balsamea,15.3,0.2,2.2,94.2477796076938,SLD
1,A53,Abies balsamea,8.6,0.05,1.4,33.842806860796,SLD
1,A54,Abies balsamea,24.2,0.1,2,156.796889340667,SLD
1,A55,Abies balsamea,25.1,0.1,2.4,194.401753404136,SLD
1,A56,Abies balsamea,12.3,0.25,0.7,27.6460153515902,SLD
1,A57,Abies balsamea,12.6,0.35,3.6,95.3159211099143,SLD
1,A58,Abies balsamea,8.2,0.2,1,23.1535378569568,SLD
1,A59,Abies balsamea,9.7,0.05,1,30.5284266112588,SLD
1,A60,Abies balsamea,10.1,0.2,2.3,56.5486677646163,SLD
1,A61,Betula papyrifera,37.8,0.3,8,766.39152784323,SLD
1,A62,Abies balsamea,9.2,0.05,2,47.6893764814931,SLD
1,A63,Abies balsamea,20.6,0.15,1.3,91.3025364949534,SLD
1,A64,Abies balsamea,12.9,0.1,1.15,44.9640448545039,SLD
1,A65,Abies balsamea,10.4,0.05,1,36.7566340470006,SLD
1,A66,Picea mariana,24.6,0.15,1.1,97.3343943898457,SLD
1,A67,Abies balsamea,8.3,0.1,2.1,40.7778726435955,SLD
1,A68,Abies balsamea,18.8,0.15,1.2,82.5374929914378,SLD
1,A69,Abies balsamea,9.1,0.05,1,27.3004401596953,SLD
1,A70,Abies balsamea,8.6,0.05,0.7,19.3522107461131,SLD
1,A71,Abies balsamea,5.6,0.05,1.2,17.1530958886003,SLD
1,A72,Abies balsamea,17.7,0.3,0.5,40.9663682028109,SLD
1,A73,Abies balsamea,8.3,0.05,1.3,30.7483380970101,SLD
2,B01,Thuja occidentalis,49.8,0.4,1.9,337.43846692208,SLD
2,B02,Thuja occidentalis,51,0.4,2.6,430.932264292912,SLD
2,B03,Thuja occidentalis,52.6,0.2,1.1,223.430069523306,SLD
2,B05,Thuja occidentalis,47.7,0.3,2.2,323.709707025893,SLD
2,B06,Thuja occidentalis,37.3,0.4,1.8,226.948653295327,SLD
2,B07,Thuja occidentalis,37.5,0.4,2.7,327.228290797913,SLD
2,B08,Thuja occidentalis,20.1,0.15,1.8,109.350986289827,SLD
2,B10,Thuja occidentalis,50.8,0.9,2,365.210145979813,SLD
2,B11,Thuja occidentalis,47.5,1.3,1.9,320.442450666158,SLD
2,B12,Thuja occidentalis,46.3,1,0.5,82.3725593771246,SLD
2,B13,Abies balsamea,33.9,0.8,7,556.376058950752,SLD
2,B14,Abies balsamea,18,0.7,2.3,103.326982376568,SLD
2,B15,Abies balsamea,32.5,0.8,10.3,666.583129238682,SLD
2,B16,Abies balsamea,24.7,0.9,1.4,94.5619388730528,SLD
2,B17,Abies balsamea,21.8,0.6,6.5,287.926966701505,SLD
2,B18,Abies balsamea,23.7,0.85,4.55,249.434602713396,SLD
2,B19,Abies balsamea,36.6,0.9,4.4,420.219433344171,SLD
2,B27,Abies balsamea,6.2,0.25,1.9,22.6822989589183,SLD
2,B28,Abies balsamea,38.6,1,2.2,237.755732023675,SLD
2,B29,Abies balsamea,5.2,0.2,1.4,14.9539810310874,SLD
2,B31,Abies balsamea,36.4,0.2,7.2,697.402153170398,SLD
2,B32,Abies balsamea,27.3,0.85,10.55,498.814227555353,SLD
2,B35,Abies balsamea,9,0.2,2.1,42.8827397215007,SLD
2,B36,Thuja occidentalis,47.8,0.1,4.9,704.313657008296,SLD
2,B38,Abies balsamea,36.6,0.7,5.7,528.258804701124,SLD
2,B39,Abies balsamea,16.8,0.7,4.4,152.053084433746,SLD
2,B40,Abies balsamea,37.3,0.95,12.65,904.111095794972,SLD
2,B42,Abies balsamea,33.2,0.7,2.8,255.097323471491,SLD
